number,name,image,theme,subtheme,rating,pieces,minifigs,us_price,eu_price
10255,Assembly Square,https://images.brickset.com/sets/small/10255-1.jpg,Advanced Models,Modular Buildings,5.0,4002,9,279.99,239.99
10256,Fairground Carousel,,Advanced Models,Fairground,,,,,
10703,Creative Builder Box,https://images.brickset.com/sets/small/10703-1.jpg,Classic,,,502,,,24.99
10704,Creative Box,https://images.brickset.com/sets/small/10704-1.jpg,Classic,,,900,,,34.99
10706,Blue Creative Box,https://images.brickset.com/sets/small/10706-1.jpg,Classic,,3.0,78,,4.99,4.99
10707,Red Creative Box,https://images.brickset.com/sets/small/10707-1.jpg,Classic,,,55,,4.99,4.99
10708,Green Creative Box,https://images.brickset.com/sets/small/10708-1.jpg,Classic,,,66,,4.99,4.99
10709,Orange Creative Box,https://images.brickset.com/sets/small/10709-1.jpg,Classic,,,60,,4.99,4.99
10730,Lightning McQueen Speed Launcher,https://images.brickset.com/sets/small/10730-1.jpg,Juniors,Cars 3,,,,,
10731,Cruz Ramirez Race Simulator,https://images.brickset.com/sets/small/10731-1.jpg,Juniors,Cars 3,,,,,
10732,Guido and Luigi's Pit Stop,https://images.brickset.com/sets/small/10732-1.jpg,Juniors,Cars 3,,,,,
10733,Mater's Junkyard,https://images.brickset.com/sets/small/10733-1.jpg,Juniors,Cars 3,,,,,
10734,Demolition Site,https://images.brickset.com/sets/small/10734-1.jpg,Juniors,City,,175,,29.99,29.99
10735,Police Truck Chase,https://images.brickset.com/sets/small/10735-1.jpg,Juniors,City,,90,,19.99,19.99
10736,Anna and Elsa's Frozen Playground,https://images.brickset.com/sets/small/10736-1.jpg,Juniors,Disney Princess,,94,,24.99,24.99
10737,Batman vs. Mr. Freeze,https://images.brickset.com/sets/small/10737-1.jpg,Juniors,DC Comics Super Heroes,3.0,63,,14.99,14.99
10738,Snow White's Forest Cottage,https://images.brickset.com/sets/small/10738-1.jpg,Juniors,,,,,,
10739,{?},,Juniors,,,,,,
10740,Fire Patrol Suitcase,https://images.brickset.com/sets/small/10740-1.jpg,Juniors,City,,110,2,19.99,19.99
10742,Willy's Butte Speed Training,https://images.brickset.com/sets/small/10742-1.jpg,Juniors,Cars 3,,,,,
10743,Smokey's Garage,https://images.brickset.com/sets/small/10743-1.jpg,Juniors,Cars 3,,,,,
10744,Thunder Hollow Crazy 8 Race,https://images.brickset.com/sets/small/10744-1.jpg,Juniors,Cars 3,,,,,
10745,{?},,Juniors,,,,,,
10746,Mia's Farm Suitcase,https://images.brickset.com/sets/small/10746-1.jpg,Juniors,Friends,,100,,19.99,19.99
10747,Andrea and Stephanie's Beach Holiday,https://images.brickset.com/sets/small/10747-1.jpg,Juniors,Friends,,143,,29.99,29.99
10823,Batwing Adventure,https://images.brickset.com/sets/small/10823-1.jpg,Duplo,,,28,,29.99,29.99
10832,Birthday Party,https://images.brickset.com/sets/small/10832-1.jpg,Duplo,,,19,3,14.99,14.99
10833,Nursery School,https://images.brickset.com/sets/small/10833-1.jpg,Duplo,,,39,3,19.99,19.99
10834,Pizzeria,https://images.brickset.com/sets/small/10834-1.jpg,Duplo,,,57,3,29.99,29.99
10835,Family House,https://images.brickset.com/sets/small/10835-1.jpg,Duplo,,,69,,39.99,39.99
10836,Neighborhood,https://images.brickset.com/sets/small/10836-1.jpg,Duplo,,,98,,59.99,59.99
10837,Santa's Winter Holiday,,Duplo,,,,,,
10838,Pets,https://images.brickset.com/sets/small/10838-1.jpg,Duplo,,,15,,9.99,9.99
10839,{?},https://images.brickset.com/sets/small/10839-1.jpg,Duplo,,,,,,
10840,{?},https://images.brickset.com/sets/small/10840-1.jpg,Duplo,,,,,,
10841,{?},https://images.brickset.com/sets/small/10841-1.jpg,Duplo,,,,,,
10842,Batcave Challenge,https://images.brickset.com/sets/small/10842-1.jpg,Duplo,Batman,,73,,49.99,49.99
10843,{Mickey Mouse in racing car},https://images.brickset.com/sets/small/10843-1.jpg,Duplo,Mickey and the Roadster Racers,,,,,
10844,Minnie Mouse Bow-tique,https://images.brickset.com/sets/small/10844-1.jpg,Duplo,,,,,,
10845,My First Carousel,https://images.brickset.com/sets/small/10845-1.jpg,Duplo,,,24,3,24.99,24.99
10846,{?},,Duplo,,,,,,
10847,My First Number Train,https://images.brickset.com/sets/small/10847-1.jpg,Duplo,,,23,2,19.99,19.99
10848,My First Building Blocks,https://images.brickset.com/sets/small/10848-1.jpg,Duplo,,,80,,,19.99
10849,My First Plane,https://images.brickset.com/sets/small/10849-1.jpg,Duplo,,,10,,4.99,4.99
10850,My First Birthday Cake,https://images.brickset.com/sets/small/10850-1.jpg,Duplo,,,8,,4.99,4.99
10851,My First Bus,https://images.brickset.com/sets/small/10851-1.jpg,Duplo,,,6,,4.99,4.99
10852,My First Parrot,https://images.brickset.com/sets/small/10852-1.jpg,Duplo,,,7,,4.99,4.99
10853,Abundant Wildlife Creative Building Set,https://images.brickset.com/sets/small/10853-1.jpg,Duplo,,,75,,,24.99
10854,Creative Box,https://images.brickset.com/sets/small/10854-1.jpg,Duplo,,,120,,,34.99
10855,Cinderella's Magical Castle,https://images.brickset.com/sets/small/10855-1.jpg,Duplo,Disney Princess,,56,,34.99,34.99
10856,{?},,Duplo,,,,,,
10857,{?},,Duplo,,,,,,
10952,{?},,Duplo,,,,,,
11913,Nexo Knights: Build Your Own Adventure parts ,,Nexo Knights,Miscellaneous,,,,,
17101,Creative Toolbox,https://images.brickset.com/sets/small/17101-1.jpg,Boost,,,,,159.99,159.99
21032,Sydney,https://images.brickset.com/sets/small/21032-1.jpg,Architecture,Skylines,,361,,29.99,29.99
21033,Chicago,https://images.brickset.com/sets/small/21033-1.jpg,Architecture,Skylines,,444,,39.99,39.99
21034,London,https://images.brickset.com/sets/small/21034-1.jpg,Architecture,Skylines,4.0,468,,39.99,39.99
21035,Solomon R. Guggenheim Museum,https://images.brickset.com/sets/small/21035-1.jpg,Architecture,Landmark Series,,744,,79.99,69.99
21036,Arc De Triomphe,https://images.brickset.com/sets/small/21036-1.jpg,Architecture,Landmark Series,,,,39.99,
21129,The Mushroom Island,https://images.brickset.com/sets/small/21129-1.jpg,Minecraft,Minifig-scale,,247,2,19.99,19.99
21130,The Nether Railway,https://images.brickset.com/sets/small/21130-1.jpg,Minecraft,Minifig-scale,,387,2,29.99,39.99
21131,The Ice Spikes,https://images.brickset.com/sets/small/21131-1.jpg,Minecraft,Minifig-scale,,454,2,39.99,49.99
21132,Jungle Temple,https://images.brickset.com/sets/small/21132-1.jpg,Minecraft,Minifig-scale,,598,3,49.99,59.99
21133,The Witch Hut,https://images.brickset.com/sets/small/21133-1.jpg,Minecraft,Minifig-scale,,502,2,59.99,69.99
21134,The Waterfall Base,https://images.brickset.com/sets/small/21134-1.jpg,Minecraft,Minifig-scale,,729,4,69.99,89.99
21135,The Crafting Box 2.0,,Minecraft,Minifig-scale,,,,,
21136,The Ocean Monument,https://images.brickset.com/sets/small/21136-1.jpg,Minecraft,Minifig-scale,,,,119.99,
21137,The Mountain Cave,,Minecraft,Minifig-scale,,,,,
21308,Adventure Time,https://images.brickset.com/sets/small/21308-1.jpg,Ideas,Licensed,,495,,49.99,49.99
21309,Apollo Saturn V,,Ideas,,,,,,
30323,My First Fish,https://images.brickset.com/sets/small/30323-1.jpg,Duplo,,,,,,
30324,My Town {Random Bag},https://images.brickset.com/sets/small/30324-1.jpg,Duplo,,,,,,
30324,My Town - Female,https://images.brickset.com/sets/small/30324-1.jpg,Duplo,,,3,1,,
30324,My Town - Policeman,https://images.brickset.com/sets/small/30324-1.jpg,Duplo,,,,,,
30324,My Town - Girl,https://images.brickset.com/sets/small/30324-1.jpg,Duplo,,,,,,
30324,My Town - Cat,https://images.brickset.com/sets/small/30324-1.jpg,Duplo,,,,,,
30324,My Town - Male,https://images.brickset.com/sets/small/30324-1.jpg,Duplo,,,,,,
30338,Fire Car,https://images.brickset.com/sets/small/30338-1.jpg,Juniors,Fire,,,1,,
30351,Police Helicopter,https://images.brickset.com/sets/small/30351-1.jpg,City,Police,4.0,44,1,,
30352,Police Car,https://images.brickset.com/sets/small/30352-1.jpg,City,Police,4.0,,1,,
30353,Tractor,https://images.brickset.com/sets/small/30353-1.jpg,City,Construction,,,,,
30354,Hot Rod ,https://images.brickset.com/sets/small/30354-1.jpg,City,,3.0,38,1,,
30355,Jungle ATV,,City,Jungle,,,,,
30376,Knighton Rider,https://images.brickset.com/sets/small/30376-1.jpg,Nexo Knights,Miscellaneous,,,1,,
30377,Motor Horse,https://images.brickset.com/sets/small/30377-1.jpg,Nexo Knights,,,,,,
30378,Shrunken Headquarters,https://images.brickset.com/sets/small/30378-1.jpg,Nexo Knights,Miscellaneous,,,1,,
30400,Gymnastic Bar,https://images.brickset.com/sets/small/30400-1.jpg,Friends,,,26,1,,
30401,Pool Foam Slide,https://images.brickset.com/sets/small/30401-1.jpg,Friends,Summer,,,1,,
30402,{Ski practice},,Friends,Snow Resort,,,,,
30425,CRU Master's Training Grounds,https://images.brickset.com/sets/small/30425-1.jpg,Ninjago,General,,43,2,,
30426,Stealthy Swamp Airboat,https://images.brickset.com/sets/small/30426-1.jpg,Ninjago,The Hands of Time,,,1,,
30449,The Milano,https://images.brickset.com/sets/small/30449-1.jpg,Marvel Super Heroes,Guardians of the Galaxy Vol. 2,,64,,,
30475,Off Roader,https://images.brickset.com/sets/small/30475-1.jpg,Creator,,,,,,
30476,Happy Turtle,https://images.brickset.com/sets/small/30476-1.jpg,Creator,,4.0,33,,,
30477,Chameleon,https://images.brickset.com/sets/small/30477-1.jpg,Creator,,,53,,,
30478,Santa Claus,,Seasonal,Christmas,,,,,
30496,U-Wing Fighter,https://images.brickset.com/sets/small/30496-1.jpg,Star Wars,Rogue One,,55,,,
30521,The Mini Batmobile,https://images.brickset.com/sets/small/30521-1.jpg,The LEGO Batman Movie,,,68,,,
30522,Batman in the Phantom Zone,https://images.brickset.com/sets/small/30522-1.jpg,The LEGO Batman Movie,,5.0,59,1,,
30523,The Joker Battle Training,https://images.brickset.com/sets/small/30523-1.jpg,The LEGO Batman Movie,,,49,1,,
30524,The Mini Batwing,https://images.brickset.com/sets/small/30524-1.jpg,The LEGO Batman Movie,Promotional,5.0,80,,,
30546,Krypto Saves the Day,https://images.brickset.com/sets/small/30546-1.jpg,DC Super Hero Girls,Promotional,,55,,,
30551,Cinderella's Kitchen,https://images.brickset.com/sets/small/30551-1.jpg,Disney,Cinderella,,,1,,
30607,Disco Batman - Tears of Batman ,https://images.brickset.com/sets/small/30607-1.jpg,The LEGO Batman Movie,Promotional,3.0,13,2,,
30611,R2-D2,https://images.brickset.com/sets/small/30611-1.jpg,Star Wars,Promotional,,,,,
30612,Batgirl,https://images.brickset.com/sets/small/30612-1.jpg,The LEGO Batman Movie,Promotional,,9,,,
31054,Blue Express ,https://images.brickset.com/sets/small/31054-1.jpg,Creator,,5.0,71,,4.99,4.99
31055,Red Racer,https://images.brickset.com/sets/small/31055-1.jpg,Creator,,,72,,4.99,4.99
31056,Green Cruiser,https://images.brickset.com/sets/small/31056-1.jpg,Creator,,,122,,9.99,9.99
31057,Air Blazer,https://images.brickset.com/sets/small/31057-1.jpg,Creator,,,102,,9.99,9.99
31058,Mighty Dinosaurs,https://images.brickset.com/sets/small/31058-1.jpg,Creator,,,174,,14.99,14.99
31059,Sunset Street Bike,https://images.brickset.com/sets/small/31059-1.jpg,Creator,,,194,,19.99,19.99
31060,Airshow Aces,https://images.brickset.com/sets/small/31060-1.jpg,Creator,,5.0,246,,19.99,19.99
31062,Robo Explorer,https://images.brickset.com/sets/small/31062-1.jpg,Creator,,5.0,205,,19.99,17.99
31063,Beachside Vacation,https://images.brickset.com/sets/small/31063-1.jpg,Creator,,,275,2,29.99,26.99
31064,Island Adventures,https://images.brickset.com/sets/small/31064-1.jpg,Creator,,4.5,359,1,34.99,29.99
31065,Park Street Townhouse,https://images.brickset.com/sets/small/31065-1.jpg,Creator,,4.0,566,2,49.99,49.99
31066,Space Shuttle Explorer,https://images.brickset.com/sets/small/31066-1.jpg,Creator,,,,,29.99,34.99
31067,Modular Poolside Holiday,https://images.brickset.com/sets/small/31067-1.jpg,Creator,,,,,29.99,24.99
31068,Modular Modern Home,https://images.brickset.com/sets/small/31068-1.jpg,Creator,,,,,29.99,39.99
31069,Modular Family Villa,https://images.brickset.com/sets/small/31069-1.jpg,Creator,,,,,69.99,64.99
31070,Turbo Track Racer,https://images.brickset.com/sets/small/31070-1.jpg,Creator,,,,,59.99,49.99
40171,Hedgehog Storage,https://images.brickset.com/sets/small/40171-1.jpg,Friends,Miscellaneous,,249,,12.99,12.99
40172,Brick Calendar,https://images.brickset.com/sets/small/40172-1.jpg,Miscellaneous,Desk accessory,5.0,278,1,19.99,19.99
40174,LEGO Chess,https://images.brickset.com/sets/small/40174-1.jpg,Miscellaneous,,,1450,,54.99,54.99
40175,{Policeman with cookie and stinger},https://images.brickset.com/sets/small/40175-1.jpg,City,Police,,,1,,
40234,Year of the Rooster,https://images.brickset.com/sets/small/40234-1.jpg,Creator,Chinese New Year,,,,,
40236,Romantic Valentine Picnic,https://images.brickset.com/sets/small/40236-1.jpg,Seasonal,Valentine's Day,,126,2,9.99,9.99
40237,Easter Egg Hunt,https://images.brickset.com/sets/small/40237-1.jpg,Seasonal,Easter,,145,2,9.99,9.99
40238,Halloween,https://images.brickset.com/sets/small/40238-1.jpg,Seasonal,Halloween,,,,,
40239,Narwhal,https://images.brickset.com/sets/small/40239-1.jpg,Promotional,Monthly Mini Model Build,5.0,,,,
40240,Raccoon,https://images.brickset.com/sets/small/40240-1.jpg,Promotional,Monthly Mini Model Build,,,,,
40241,Platypus,https://images.brickset.com/sets/small/40241-1.jpg,Promotional,Monthly Mini Model Build,,,,,
40242,Chick,https://images.brickset.com/sets/small/40242-1.jpg,Promotional,Monthly Mini Model Build,,,,,
40243,Car,https://images.brickset.com/sets/small/40243-1.jpg,Promotional,Monthly Mini Model Build,,,,,
40244,Dragonfly,,Promotional,Monthly Mini Model Build,,,,,
40251,Mini Piggy Bank,,Creator,,,,,,
40252,Mini Volkswagen Beetle,https://images.brickset.com/sets/small/40252-1.jpg,Creator,,5.0,141,,,
40256,Create The World,,City,,,,,,
40265,Tic-Tac-Toe,https://images.brickset.com/sets/small/40265-1.jpg,Friends,,,,,,
40266,Storage Box,https://images.brickset.com/sets/small/40266-1.jpg,Friends,Accessories,,105,,,
40267,{Cake and door},https://images.brickset.com/sets/small/40267-1.jpg,Duplo,,,,,,
40268,R3-M2,https://images.brickset.com/sets/small/40268-1.jpg,Star Wars,Rogue One,,,1,,
41143,Berry's Kitchen,https://images.brickset.com/sets/small/41143-1.jpg,Disney,Palace Pets,,61,,5.99,6.99
41144,Petite's Royal Stable,https://images.brickset.com/sets/small/41144-1.jpg,Disney,Palace Pets,,75,,9.99,9.99
41145,Ariel and the Magical Spell,https://images.brickset.com/sets/small/41145-1.jpg,Disney,The Little Mermaid,,,,29.99,34.99
41146,Cinderella's Enchanted Evening,https://images.brickset.com/sets/small/41146-1.jpg,Disney,Cinderella,,,,39.99,
41147,Anna's Snow Adventure,https://images.brickset.com/sets/small/41147-1.jpg,Disney,Frozen,,153,1,19.99,19.99
41148,Elsa's Magical Ice Palace,https://images.brickset.com/sets/small/41148-1.jpg,Disney,Frozen,,701,,79.99,69.99
41149,Moana's Island Adventure,https://images.brickset.com/sets/small/41149-1.jpg,Disney,Moana,,205,1,24.99,29.99
41150,Moana's Ocean Voyage,https://images.brickset.com/sets/small/41150-1.jpg,Disney,Moana,4.0,307,2,39.99,39.99
41181,Naida's Gondola & the Goblin Thief,https://images.brickset.com/sets/small/41181-1.jpg,Elves,,,67,2,9.99,9.99
41182,The Capture of Sophie Jones,https://images.brickset.com/sets/small/41182-1.jpg,Elves,,,226,2,19.99,19.99
41183,The Goblin King's Evil Dragon,https://images.brickset.com/sets/small/41183-1.jpg,Elves,,4.0,339,2,29.99,29.99
41184,Aira's Airship & the Amulet Chase,https://images.brickset.com/sets/small/41184-1.jpg,Elves,,,343,3,39.99,39.99
41185,Magic Rescue from the Goblin Village,https://images.brickset.com/sets/small/41185-1.jpg,Elves,,,637,5,59.99,59.99
41186,Azari & the Goblin Forest Escape,https://images.brickset.com/sets/small/41186-1.jpg,Elves,,,,,19.99,19.99
41187,Rosalyn's Healing Hideout,https://images.brickset.com/sets/small/41187-1.jpg,Elves,,,,,49.99,49.99
41188,Breakout from the Goblin King's Fortress,https://images.brickset.com/sets/small/41188-1.jpg,Elves,,,,,69.99,79.99
41189,{?},,Elves,,,,,,
41230,Batgirl Batjet Chase,https://images.brickset.com/sets/small/41230-1.jpg,DC Super Hero Girls,,,206,1,24.99,24.99
41231,Harley Quinn to the Rescue,https://images.brickset.com/sets/small/41231-1.jpg,DC Super Hero Girls,,,217,2,29.99,29.99
41232,Super Hero High School,https://images.brickset.com/sets/small/41232-1.jpg,DC Super Hero Girls,,,712,3,79.99,79.99
41233,Lashina Tank,https://images.brickset.com/sets/small/41233-1.jpg,DC Super Hero Girls,,,145,1,14.99,14.99
41234,Bumblebee Helicopter,https://images.brickset.com/sets/small/41234-1.jpg,DC Super Hero Girls,,,142,1,14.99,14.99
41235,Wonder Woman Dorm Room,https://images.brickset.com/sets/small/41235-1.jpg,DC Super Hero Girls,,,186,1,19.99,19.99
41236,Harley Quinn Dorm,https://images.brickset.com/sets/small/41236-1.jpg,DC Super Hero Girls,,,,,19.99,
41237,Batgirl Secret Bunker,https://images.brickset.com/sets/small/41237-1.jpg,DC Super Hero Girls,,,,,44.99,
41238,Lena Luthor Kryptomite Factory,https://images.brickset.com/sets/small/41238-1.jpg,DC Super Hero Girls,,,,,59.99,
41239,Eclipso Dark Palace,https://images.brickset.com/sets/small/41239-1.jpg,DC Super Hero Girls,,,,,99.99,
41300,Puppy Championship,https://images.brickset.com/sets/small/41300-1.jpg,Friends,Dog Show,,185,1,19.99,19.99
41301,Puppy Parade,https://images.brickset.com/sets/small/41301-1.jpg,Friends,Dog Show,,145,1,14.99,14.99
41302,Puppy Pampering,https://images.brickset.com/sets/small/41302-1.jpg,Friends,Dog Show,,45,,4.99,4.99
41303,Puppy Playground,https://images.brickset.com/sets/small/41303-1.jpg,Friends,Dog Show,,62,,4.99,4.99
41304,Puppy Treats & Tricks,https://images.brickset.com/sets/small/41304-1.jpg,Friends,Dog Show,,45,,4.99,4.99
41305,Emma's Photo Studio,https://images.brickset.com/sets/small/41305-1.jpg,Friends,,,96,1,9.99,9.99
41306,Mia's Beach Scooter,https://images.brickset.com/sets/small/41306-1.jpg,Friends,Summer,4.0,79,1,9.99,9.99
41307,Olivia's Creative Lab,https://images.brickset.com/sets/small/41307-1.jpg,Friends,,,91,,9.99,9.99
41308,Stephanie's Friendship Cakes,https://images.brickset.com/sets/small/41308-1.jpg,Friends,,,94,1,9.99,9.99
41309,Andrea's Musical Duet,https://images.brickset.com/sets/small/41309-1.jpg,Friends,,3.0,86,1,9.99,9.99
41310,Heartlake Gift Delivery,https://images.brickset.com/sets/small/41310-1.jpg,Friends,Party,,185,1,19.99,19.99
41311,Heartlake Pizzeria,https://images.brickset.com/sets/small/41311-1.jpg,Friends,,4.0,289,2,29.99,29.99
41312,Heartlake Sports Centre,https://images.brickset.com/sets/small/41312-1.jpg,Friends,,,328,2,39.99,39.99
41313,Heartlake Summer Pool,https://images.brickset.com/sets/small/41313-1.jpg,Friends,Summer,,589,2,49.99,49.99
41314,Stephanie's House,https://images.brickset.com/sets/small/41314-1.jpg,Friends,,,622,3,69.99,69.99
41315,Heartlake Surf Shop,https://images.brickset.com/sets/small/41315-1.jpg,Friends,Summer,,,,,19.99
41316,Andrea's Speedboat Transporter,https://images.brickset.com/sets/small/41316-1.jpg,Friends,Summer,,,,,29.99
41317,Sunshine Catamaran,https://images.brickset.com/sets/small/41317-1.jpg,Friends,Summer,,,,,74.99
41318,Heartlake Hospital,https://images.brickset.com/sets/small/41318-1.jpg,Friends,,,,,,99.99
41319,{Hot cocoa van},,Friends,Snow Resort,,,,,
41320,Heartlake Frozen Yogurt Shop,,Friends,,,,,,
41321,Snow Resort Off-Roader,https://images.brickset.com/sets/small/41321-1.jpg,Friends,Snow Resort,,,,14.99,17.99
41322,Snow Resort Ice Rink,https://images.brickset.com/sets/small/41322-1.jpg,Friends,Snow Resort,,,,,29.99
41323,Snow Resort Chalet,https://images.brickset.com/sets/small/41323-1.jpg,Friends,Snow Resort,,,,,44.99
41324,Snow Resort Ski Lift,https://images.brickset.com/sets/small/41324-1.jpg,Friends,Snow Resort,,,,,59.99
41326,Friends Advent Calendar,https://images.brickset.com/sets/small/41326-1.jpg,Friends,Seasonal,,,,29.99,
41328,{?},,Friends,,,,,,
41329,{?},,Friends,,,,,,
41330,{?},,Friends,,,,,,
41585,Batman,https://images.brickset.com/sets/small/41585-1.jpg,BrickHeadz,DC Comics Super Heroes,,91,,9.99,9.99
41586,Batgirl,https://images.brickset.com/sets/small/41586-1.jpg,BrickHeadz,DC Comics Super Heroes,,99,,9.99,9.99
41587,Robin,https://images.brickset.com/sets/small/41587-1.jpg,BrickHeadz,DC Comics Super Heroes,,101,,9.99,9.99
41588,The Joker,https://images.brickset.com/sets/small/41588-1.jpg,BrickHeadz,DC Comics Super Heroes,,151,,9.99,9.99
41589,Captain America,https://images.brickset.com/sets/small/41589-1.jpg,BrickHeadz,Marvel Super Heroes,,79,,9.99,9.99
41590,Iron Man,https://images.brickset.com/sets/small/41590-1.jpg,BrickHeadz,Marvel Super Heroes,,96,,9.99,9.99
41591,Black Widow,https://images.brickset.com/sets/small/41591-1.jpg,BrickHeadz,Marvel Super Heroes,,143,,9.99,9.99
41592,The Hulk,https://images.brickset.com/sets/small/41592-1.jpg,BrickHeadz,Marvel Super Heroes,,93,,9.99,9.99
41593,Captain Jack Sparrow,https://images.brickset.com/sets/small/41593-1.jpg,BrickHeadz,Disney,,109,,9.99,9.99
41594,Captain Armando Salazar,https://images.brickset.com/sets/small/41594-1.jpg,BrickHeadz,Disney,,118,,9.99,9.99
41595,Belle,https://images.brickset.com/sets/small/41595-1.jpg,BrickHeadz,Disney,,139,,9.99,9.99
41596,Beast,https://images.brickset.com/sets/small/41596-1.jpg,BrickHeadz,Disney,,116,,9.99,9.99
42057,Ultralight Helicopter,https://images.brickset.com/sets/small/42057-1.jpg,Technic,,,199,,19.99,14.99
42058,Stunt Bike,https://images.brickset.com/sets/small/42058-1.jpg,Technic,,5.0,140,,19.99,19.99
42059,Stunt Truck,https://images.brickset.com/sets/small/42059-1.jpg,Technic,,5.0,142,,19.99,19.99
42060,Roadwork Crew,https://images.brickset.com/sets/small/42060-1.jpg,Technic,,4.0,365,,29.99,19.99
42061,Telehandler,https://images.brickset.com/sets/small/42061-1.jpg,Technic,,4.0,260,,39.99,29.99
42062,Container Yard,https://images.brickset.com/sets/small/42062-1.jpg,Technic,,,631,,,49.99
42063,BMW R 1200 GS Adventure,https://images.brickset.com/sets/small/42063-1.jpg,Technic,,,603,,59.99,49.99
42064,Ocean Explorer,https://images.brickset.com/sets/small/42064-1.jpg,Technic,,,1327,,,89.99
42065,RC Tracked Racer,https://images.brickset.com/sets/small/42065-1.jpg,Technic,,4.5,370,,,79.99
42066,Air Race Jet,https://images.brickset.com/sets/small/42066-1.jpg,Technic,,,1151,,159.99,119.99
42068,Airport Rescue Vehicle,https://images.brickset.com/sets/small/42068-1.jpg,Technic,,,,,99.99,
42069,Extreme Adventure,https://images.brickset.com/sets/small/42069-1.jpg,Technic,,,,,179.99,
42070,6x6 All Terrain Tow Truck,https://images.brickset.com/sets/small/42070-1.jpg,Technic,,,,,289.99,
45021,Our Town,https://images.brickset.com/sets/small/45021-1.jpg,Education,Duplo,,,,,
60135,ATV Arrest,https://images.brickset.com/sets/small/60135-1.jpg,City,Police,,47,,6.99,5.99
60136,Police Starter Set,https://images.brickset.com/sets/small/60136-1.jpg,City,Police,5.0,80,4,9.99,9.99
60137,Tow Truck Trouble,https://images.brickset.com/sets/small/60137-1.jpg,City,Police,5.0,144,3,24.99,19.99
60138,High-speed Chase,https://images.brickset.com/sets/small/60138-1.jpg,City,Police,3.0,294,,39.99,29.99
60139,Mobile Command Center,https://images.brickset.com/sets/small/60139-1.jpg,City,Police,,374,,49.99,39.99
60140,Bulldozer Break-In,https://images.brickset.com/sets/small/60140-1.jpg,City,Police,,561,5,69.99,59.99
60141,Police Station,https://images.brickset.com/sets/small/60141-1.jpg,City,Police,,894,,99.99,99.99
60142,Money Transporter,https://images.brickset.com/sets/small/60142-1.jpg,City,Police,3.0,138,,19.99,14.99
60143,Auto Transport Heist,https://images.brickset.com/sets/small/60143-1.jpg,City,Police,4.0,403,,,
60144,Race Plane,https://images.brickset.com/sets/small/60144-1.jpg,City,General,4.3,89,1,9.99,9.99
60145,Buggy,https://images.brickset.com/sets/small/60145-1.jpg,City,Traffic,4.0,81,1,9.99,9.99
60146,Stunt Truck,https://images.brickset.com/sets/small/60146-1.jpg,City,Traffic,,91,1,9.99,9.99
60147,Fishing Boat,https://images.brickset.com/sets/small/60147-1.jpg,City,Harbour,4.5,144,2,19.99,19.99
60148,ATV Race Team,https://images.brickset.com/sets/small/60148-1.jpg,City,Traffic,4.0,239,2,19.99,19.99
60149,4x4 with Catamaran,https://images.brickset.com/sets/small/60149-1.jpg,City,Harbour,5.0,198,2,19.99,19.99
60150,Pizza Van,https://images.brickset.com/sets/small/60150-1.jpg,City,Traffic,4.5,249,2,19.99,19.99
60151,Dragster Transporter,https://images.brickset.com/sets/small/60151-1.jpg,City,Traffic,4.0,333,,29.99,29.99
60152,Sweeper & Excavator,https://images.brickset.com/sets/small/60152-1.jpg,City,Construction,,299,2,29.99,29.99
60153,People Pack - Fun at the Beach,https://images.brickset.com/sets/small/60153-1.jpg,City,General,,,,39.99,44.99
60154,Bus Station,https://images.brickset.com/sets/small/60154-1.jpg,City,Traffic,,,,49.99,44.99
60155,City Advent Calendar,https://images.brickset.com/sets/small/60155-1.jpg,City,Seasonal,,,,29.99,
60156,Jungle Buggy,https://images.brickset.com/sets/small/60156-1.jpg,City,Jungle,,,,6.99,5.99
60157,Jungle Starter Set,https://images.brickset.com/sets/small/60157-1.jpg,City,Jungle,,,,9.99,9.99
60158,Jungle Cargo Helicopter ,https://images.brickset.com/sets/small/60158-1.jpg,City,Jungle,,,,,19.99
60159,Jungle Halftrack Mission,https://images.brickset.com/sets/small/60159-1.jpg,City,Jungle,,,,39.99,29.99
60160,Jungle Mobile Lab,https://images.brickset.com/sets/small/60160-1.jpg,City,Jungle,,,,59.99,49.99
60161,Jungle Exploration Site,https://images.brickset.com/sets/small/60161-1.jpg,City,Jungle,,,,119.99,99.99
60162,Jungle Air Drop Helicopter,,City,Jungle,,,,,
60163,Coast Guard Starter Set,https://images.brickset.com/sets/small/60163-1.jpg,City,Coast Guard,,,,9.99,9.99
60164,Sea Rescue Plane,https://images.brickset.com/sets/small/60164-1.jpg,City,Coast Guard,,,,19.99,19.99
60165,4 x 4 Response Unit ,https://images.brickset.com/sets/small/60165-1.jpg,City,Coast Guard,,,,39.99,29.99
60166,Heavy-Duty Rescue Helicopter,https://images.brickset.com/sets/small/60166-1.jpg,City,Coast Guard,,,,59.99,49.99
60167,Coast Guard Head Quarters,https://images.brickset.com/sets/small/60167-1.jpg,City,Coast Guard,,,,119.99,99.99
60168,Sailboat Rescue,,City,Coast Guard,,,,,
60169,Cargo Terminal,https://images.brickset.com/sets/small/60169-1.jpg,City,,,,,79.99,74.99
66546,The LEGO Batman Movie Super Pack 2-in-1,https://images.brickset.com/sets/small/66546-1.jpg,The LEGO Batman Movie,Product Collection,,,,44.98,
70347,King's Guard Artillery,https://images.brickset.com/sets/small/70347-1.jpg,Nexo Knights,Season 3,,98,2,9.99,9.99
70348,Lance's Twin Jouster,https://images.brickset.com/sets/small/70348-1.jpg,Nexo Knights,Season 3,5.0,216,,19.99,19.99
70349,Ruina's Lock & Roller,https://images.brickset.com/sets/small/70349-1.jpg,Nexo Knights,Season 3,4.3,208,3,19.99,19.99
70350,The Three Brothers,https://images.brickset.com/sets/small/70350-1.jpg,Nexo Knights,Season 3,,266,3,29.99,32.99
70351,Clay's Falcon Fighter Blaster,https://images.brickset.com/sets/small/70351-1.jpg,Nexo Knights,Season 3,,523,,49.99,49.99
70352,Jestro's Headquarters,https://images.brickset.com/sets/small/70352-1.jpg,Nexo Knights,Season 3,,840,,89.99,99.99
70353,The Heligoyle,https://images.brickset.com/sets/small/70353-1.jpg,Nexo Knights,Season 4,,,,29.99,34.99
70354,Axl's Rumble Maker,https://images.brickset.com/sets/small/70354-1.jpg,Nexo Knights,Season 4,,,,39.99,44.99
70355,Aaron's Rock Climber,https://images.brickset.com/sets/small/70355-1.jpg,Nexo Knights,Season 4,,,,59.99,64.99
70356,The Stone Colossus of Ultimate Destruction,https://images.brickset.com/sets/small/70356-1.jpg,Nexo Knights,Season 4,,,,69.99,74.99
70357,Knighton Castle,https://images.brickset.com/sets/small/70357-1.jpg,Nexo Knights,Season 4,,,,129.99,139.99
70358,Aaron's Stone Destroyer,https://images.brickset.com/sets/small/70358-1.jpg,Nexo Knights,Season 3,,251,,24.99,24.99
70359,Lance vs. Lightning,https://images.brickset.com/sets/small/70359-1.jpg,Nexo Knights,Season 3,,257,,24.99,24.99
70361,Macy's Bot Drop Dragon,https://images.brickset.com/sets/small/70361-1.jpg,Nexo Knights,Season 4,,,,14.99,17.99
70362,Battle Suit Clay,https://images.brickset.com/sets/small/70362-1.jpg,Nexo Knights,Battle Suits,,79,1,9.99,9.99
70363,Battle Suit Macy,https://images.brickset.com/sets/small/70363-1.jpg,Nexo Knights,Battle Suits,,66,,9.99,9.99
70364,Battle Suit Aaron,https://images.brickset.com/sets/small/70364-1.jpg,Nexo Knights,Battle Suits,5.0,80,1,9.99,9.99
70365,Battle Suit Axl,https://images.brickset.com/sets/small/70365-1.jpg,Nexo Knights,Battle Suits,,88,1,9.99,9.99
70366,Battle Suit Lance,https://images.brickset.com/sets/small/70366-1.jpg,Nexo Knights,Battle Suits,,83,1,9.99,9.99
70372,Combo NEXO Powers Wave 1,https://images.brickset.com/sets/small/70372-1.jpg,Nexo Knights,Combo NEXO Powers,4.0,10,,3.99,3.99
70373,Combo NEXO Powers Wave 2,https://images.brickset.com/sets/small/70373-1.jpg,Nexo Knights,Combo NEXO Powers,,,,3.99,3.99
70606,Spinjitzu Training,,The LEGO Ninjago Movie,,,,,,
70607,Ninjago City Chase,,The LEGO Ninjago Movie,,,,,,
70608,Master Falls,,The LEGO Ninjago Movie,,,,,,
70609,Manta Ray Bomber,,The LEGO Ninjago Movie,,,,,,
70610,{?},,The LEGO Ninjago Movie,,,,,,
70611,Water Strider,,The LEGO Ninjago Movie,,,,,,
70612,Green Ninja Mech Dragon,,The LEGO Ninjago Movie,,,,,,
70613,{Garmadon's Shark Mech},,The LEGO Ninjago Movie,,,,,,
70614,Lightning Jet,,The LEGO Ninjago Movie,,,,,,
70615,Fire Mech,,The LEGO Ninjago Movie,,,,,,
70616,{Zane Tank},,The LEGO Ninjago Movie,,,,,,
70617,Temple of The Ultimate,,The LEGO Ninjago Movie,,,,,,
70618,Destiny's Bounty,,The LEGO Ninjago Movie,,,,,,
70620,{D2C Ninjago City},,The LEGO Ninjago Movie,,,,,,
70621,The Vermillion Attack,https://images.brickset.com/sets/small/70621-1.jpg,Ninjago,The Hands of Time,,83,3,9.99,9.99
70622,Desert Lightning,https://images.brickset.com/sets/small/70622-1.jpg,Ninjago,The Hands of Time,4.0,201,3,19.99,19.99
70623,Destiny's Shadow,https://images.brickset.com/sets/small/70623-1.jpg,Ninjago,The Hands of Time,5.0,360,3,29.99,29.99
70624,Vermillion Invader,https://images.brickset.com/sets/small/70624-1.jpg,Ninjago,The Hands of Time,4.0,313,,29.99,29.99
70625,Samurai VXL,https://images.brickset.com/sets/small/70625-1.jpg,Ninjago,The Hands of Time,,428,4,49.99,39.99
70626,Dawn of Iron Doom,https://images.brickset.com/sets/small/70626-1.jpg,Ninjago,The Hands of Time,5.0,704,6,59.99,59.99
70627,Dragon's Forge,https://images.brickset.com/sets/small/70627-1.jpg,Ninjago,The Hands of Time,,1137,6,79.99,79.99
70900,The Joker Balloon Escape,https://images.brickset.com/sets/small/70900-1.jpg,The LEGO Batman Movie,,4.0,124,2,14.99,14.99
70901,Mr. Freeze Ice Attack,https://images.brickset.com/sets/small/70901-1.jpg,The LEGO Batman Movie,,4.7,201,3,19.99,24.99
70902,Catwoman Catcycle Chase,https://images.brickset.com/sets/small/70902-1.jpg,The LEGO Batman Movie,,4.5,139,3,19.99,24.99
70903,The Riddler Riddle Racer,https://images.brickset.com/sets/small/70903-1.jpg,The LEGO Batman Movie,,5.0,254,5,29.99,34.99
70904,Clayface Splat Attack,https://images.brickset.com/sets/small/70904-1.jpg,The LEGO Batman Movie,,4.5,448,2,34.99,34.99
70905,The Batmobile,https://images.brickset.com/sets/small/70905-1.jpg,The LEGO Batman Movie,,5.0,581,5,59.99,59.99
70906,The Joker Notorious Lowrider,https://images.brickset.com/sets/small/70906-1.jpg,The LEGO Batman Movie,,5.0,433,3,49.99,49.99
70907,Killer Croc Tail-Gator,https://images.brickset.com/sets/small/70907-1.jpg,The LEGO Batman Movie,,,460,4,69.99,69.99
70908, The Scuttler,https://images.brickset.com/sets/small/70908-1.jpg,The LEGO Batman Movie,,4.0,775,6,79.99,79.99
70909,Batcave Break-In,https://images.brickset.com/sets/small/70909-1.jpg,The LEGO Batman Movie,,4.0,1047,7,99.99,99.99
70910,Scarecrow Special Delivery,https://images.brickset.com/sets/small/70910-1.jpg,The LEGO Batman Movie,,3.0,204,3,19.99,24.99
70911,The Penguin Arctic Roller,https://images.brickset.com/sets/small/70911-1.jpg,The LEGO Batman Movie,,5.0,305,2,29.99,34.99
70912,Arkham Asylum,https://images.brickset.com/sets/small/70912-1.jpg,The LEGO Batman Movie,,4.0,1628,13,149.99,149.99
70913,Scarecrow Fearful Face-off,https://images.brickset.com/sets/small/70913-1.jpg,The LEGO Batman Movie,,,,,14.99,17.99
70914,Bane Toxic Truck Attack,https://images.brickset.com/sets/small/70914-1.jpg,The LEGO Batman Movie,,,,,49.99,54.99
70915,Two-Face Double Demolition,https://images.brickset.com/sets/small/70915-1.jpg,The LEGO Batman Movie,,,,,59.99,54.99
70916,The Batwing,https://images.brickset.com/sets/small/70916-1.jpg,The LEGO Batman Movie,,,,,89.99,99.99
70917,The Ultimate Batmobile,https://images.brickset.com/sets/small/70917-1.jpg,The LEGO Batman Movie,,,,,129.99,139.99
71017,LEGO Minifigures - The LEGO Batman Movie Series {Random bag},https://images.brickset.com/sets/small/71017-0.jpg,Collectable Minifigures,The LEGO Batman Movie,,,,,
71017,Lobster-Lovin' Batman,https://images.brickset.com/sets/small/71017-12.jpg,Collectable Minifigures,The LEGO Batman Movie,5.0,1,1,,
71017,Glam Metal Batman,https://images.brickset.com/sets/small/71017-8.jpg,Collectable Minifigures,The LEGO Batman Movie,5.0,1,1,,
71017,Fairy Batman,https://images.brickset.com/sets/small/71017-5.jpg,Collectable Minifigures,The LEGO Batman Movie,5.0,1,1,,
71017,Clan of the Cave Batman,https://images.brickset.com/sets/small/71017-4.jpg,Collectable Minifigures,The LEGO Batman Movie,,1,1,,
71017,Vacation Batman,https://images.brickset.com/sets/small/71017-13.jpg,Collectable Minifigures,The LEGO Batman Movie,4.5,1,1,,
71017,Barbara Gordon,https://images.brickset.com/sets/small/71017-14.jpg,Collectable Minifigures,The LEGO Batman Movie,,1,1,,
71017,Commissioner Gordon,https://images.brickset.com/sets/small/71017-6.jpg,Collectable Minifigures,The LEGO Batman Movie,4.0,1,1,,
71017,Arkham Asylum Joker,https://images.brickset.com/sets/small/71017-1.jpg,Collectable Minifigures,The LEGO Batman Movie,,1,1,,
71017,Dick Grayson,https://images.brickset.com/sets/small/71017-17.jpg,Collectable Minifigures,The LEGO Batman Movie,5.0,1,1,,
71017,Pink Power Batgirl,https://images.brickset.com/sets/small/71017-10.jpg,Collectable Minifigures,The LEGO Batman Movie,,1,1,,
71017,Red Hood,https://images.brickset.com/sets/small/71017-18.jpg,Collectable Minifigures,The LEGO Batman Movie,5.0,1,1,,
71017,Eraser,https://images.brickset.com/sets/small/71017-16.jpg,Collectable Minifigures,The LEGO Batman Movie,5.0,1,1,,
71017,Nurse Harley Quinn,https://images.brickset.com/sets/small/71017-3.jpg,Collectable Minifigures,The LEGO Batman Movie,5.0,1,1,,
71017,Orca,https://images.brickset.com/sets/small/71017-9.jpg,Collectable Minifigures,The LEGO Batman Movie,4.0,1,1,,
71017,Zodiac Master,https://images.brickset.com/sets/small/71017-20.jpg,Collectable Minifigures,The LEGO Batman Movie,5.0,1,1,,
71017,Catman,https://images.brickset.com/sets/small/71017-2.jpg,Collectable Minifigures,The LEGO Batman Movie,5.0,1,1,,
71017,March Harriet,https://images.brickset.com/sets/small/71017-19.jpg,Collectable Minifigures,The LEGO Batman Movie,4.0,1,1,,
71017,Calculator,https://images.brickset.com/sets/small/71017-15.jpg,Collectable Minifigures,The LEGO Batman Movie,5.0,1,1,,
71017,King Tut,https://images.brickset.com/sets/small/71017-7.jpg,Collectable Minifigures,The LEGO Batman Movie,4.0,1,1,,
71017,Mime,https://images.brickset.com/sets/small/71017-11.jpg,Collectable Minifigures,The LEGO Batman Movie,5.0,1,1,,
71017,LEGO Minifigures - The LEGO Batman Movie Series - Complete,https://images.brickset.com/sets/small/71017-21.jpg,Collectable Minifigures,The LEGO Batman Movie,,20,20,,
71017,LEGO Minifigures - The LEGO Batman Movie - Sealed Box,,Collectable Minifigures,The LEGO Batman Movie,,,,3.99,3.99
71018,LEGO Minifigures - Series 17 {Random bag},https://images.brickset.com/sets/small/71018-0.jpg,Collectable Minifigures,Series 17,,,,,
71018,Professional Surfer,https://images.brickset.com/sets/small/71018-1.jpg,Collectable Minifigures,Series 17,,,,,
71018,Circus Strong Man,https://images.brickset.com/sets/small/71018-2.jpg,Collectable Minifigures,Series 17,,,,,
71018,Gourmet Chef,https://images.brickset.com/sets/small/71018-3.jpg,Collectable Minifigures,Series 17,,,,,
71018,Corn Cob Guy,https://images.brickset.com/sets/small/71018-4.jpg,Collectable Minifigures,Series 17,,,,,
71018,Veterinarian,https://images.brickset.com/sets/small/71018-5.jpg,Collectable Minifigures,Series 17,,,,,
71018,Hot Dog Man,https://images.brickset.com/sets/small/71018-6.jpg,Collectable Minifigures,Series 17,,,,,
71018,Butterfly Girl,https://images.brickset.com/sets/small/71018-7.jpg,Collectable Minifigures,Series 17,,,,,
71018,Roman Gladiator,https://images.brickset.com/sets/small/71018-8.jpg,Collectable Minifigures,Series 17,,,,,
71018,Connoisseur,https://images.brickset.com/sets/small/71018-9.jpg,Collectable Minifigures,Series 17,,,,,
71018,Battle Dwarf,https://images.brickset.com/sets/small/71018-10.jpg,Collectable Minifigures,Series 17,,,,,
71018,Retro Spaceman,https://images.brickset.com/sets/small/71018-11.jpg,Collectable Minifigures,Series 17,,,,,
71018,Yuppie,https://images.brickset.com/sets/small/71018-12.jpg,Collectable Minifigures,Series 17,,,,,
71018,Rocket Boy,https://images.brickset.com/sets/small/71018-13.jpg,Collectable Minifigures,Series 17,,,,,
71018,Dance Instructor,https://images.brickset.com/sets/small/71018-14.jpg,Collectable Minifigures,Series 17,,,,,
71018,Elf Girl,https://images.brickset.com/sets/small/71018-15.jpg,Collectable Minifigures,Series 17,,,,,
71018,{Mystery figure},,Collectable Minifigures,Series 17,4.5,,,,
71018,LEGO Minifigures - Series 17 - Complete,https://images.brickset.com/sets/small/71018-17.jpg,Collectable Minifigures,Series 17,,,,,
71019,LEGO Minifigures - The LEGO Ninjago Movie {Random bag},,Collectable Minifigures,The LEGO Ninjago Movie,,,,,
71042,Silent Mary,https://images.brickset.com/sets/small/71042-1.jpg,Pirates of the Caribbean,Dead Men Tell No Tales,,2294,8,199.99,199.99
71250,{Ghostbusters Reboot 2},,Dimensions,,,,,,
71254,{Teen Titans Go! 1},,Dimensions,,,,,,
71255,{Teen Titans Go! 2},,Dimensions,,,,,,
71264,The LEGO Batman Movie: Play the Complete Movie,https://images.brickset.com/sets/small/71264-1.jpg,Dimensions,Story Pack,,156,2,44.99,44.99
71266,Chase McCain,https://images.brickset.com/sets/small/71266-1.jpg,Dimensions,Fun Pack,,,,11.99,
71267,The Goonies Level Pack,https://images.brickset.com/sets/small/71267-1.jpg,Dimensions,Level Pack,,,,29.99,
71286,Michael Knight,https://images.brickset.com/sets/small/71286-1.jpg,Dimensions,Fun Pack,,55,1,14.99,14.99
71344,Excalibur Batman,https://images.brickset.com/sets/small/71344-1.jpg,Dimensions,Fun Pack,,57,1,14.99,14.99
71348,Hermione Granger,https://images.brickset.com/sets/small/71348-1.jpg,Dimensions,Fun Pack,,,,11.99,
75144,Snowspeeder,https://images.brickset.com/sets/small/75144-1.jpg,Star Wars,Ultimate Collector Series,,,,199.99,199.99
75160,U-wing,https://images.brickset.com/sets/small/75160-1.jpg,Star Wars,MicroFighters,4.0,109,1,9.99,9.99
75161,TIE Striker,https://images.brickset.com/sets/small/75161-1.jpg,Star Wars,MicroFighters,,88,1,9.99,9.99
75162,Y-wing,https://images.brickset.com/sets/small/75162-1.jpg,Star Wars,MicroFighters,,90,1,9.99,9.99
75163,Krennic's Imperial Shuttle,https://images.brickset.com/sets/small/75163-1.jpg,Star Wars,MicroFighters,4.0,78,1,9.99,9.99
75164,Rebel Trooper Battle Pack,https://images.brickset.com/sets/small/75164-1.jpg,Star Wars,Rogue One,5.0,120,4,14.99,14.99
75165,Imperial Trooper Battle Pack,https://images.brickset.com/sets/small/75165-1.jpg,Star Wars,Rogue One,5.0,112,4,14.99,14.99
75166,First Order Transport Speeder Battle Pack,https://images.brickset.com/sets/small/75166-1.jpg,Star Wars,The Force Awakens,,,,14.99,17.99
75167,Bounty Hunter Speeder Bike Battle Pack,https://images.brickset.com/sets/small/75167-1.jpg,Star Wars,Original Content,,,,14.99,17.99
75168,Yoda's Jedi Starfighter,https://images.brickset.com/sets/small/75168-1.jpg,Star Wars,The Clone Wars,4.5,262,2,24.99,29.99
75169,Duel on Naboo,https://images.brickset.com/sets/small/75169-1.jpg,Star Wars,Episode I,4.0,208,3,24.99,29.99
75170,The Phantom,https://images.brickset.com/sets/small/75170-1.jpg,Star Wars,Rebels,4.7,269,3,29.99,39.99
75171,Battle on Scarif,https://images.brickset.com/sets/small/75171-1.jpg,Star Wars,Rogue One,,419,4,49.99,59.99
75172,Y-wing Starfighter,https://images.brickset.com/sets/small/75172-1.jpg,Star Wars,Rogue One,5.0,691,5,59.99,69.99
75173,Luke's Landspeeder,https://images.brickset.com/sets/small/75173-1.jpg,Star Wars,Episode IV,3.7,149,4,19.99,29.99
75174,Desert Skiff Escape,https://images.brickset.com/sets/small/75174-1.jpg,Star Wars,Episode VI,,277,4,29.99,39.99
75175,A-wing Starfighter,https://images.brickset.com/sets/small/75175-1.jpg,Star Wars,Episode VI,4.0,358,3,39.99,49.99
75176,{?},,Star Wars,The Last Jedi,,,,,
75177,{?},,Star Wars,The Last Jedi,,,,,
75178,Jakku Quadjumper,https://images.brickset.com/sets/small/75178-1.jpg,Star Wars,The Force Awakens,,,,49.99,69.99
75179,{?},,Star Wars,The Last Jedi,,,,,
75180,Rathtar Escape,https://images.brickset.com/sets/small/75180-1.jpg,Star Wars,The Force Awakens,,,,79.99,89.99
75182,Republic Fighter Tank,https://images.brickset.com/sets/small/75182-1.jpg,Star Wars,Episode III,,,,24.99,
75183,Darth Vader Transformation ,https://images.brickset.com/sets/small/75183-1.jpg,Star Wars,Episode III,,,,24.99,34.99
75184,Star Wars Advent Calendar,https://images.brickset.com/sets/small/75184-1.jpg,Star Wars,Seasonal,,,,39.99,
75185,Tracker I,https://images.brickset.com/sets/small/75185-1.jpg,Star Wars,Original Content,,,,69.99,79.99
75186,The Arrowhead,https://images.brickset.com/sets/small/75186-1.jpg,Star Wars,Original Content,,,,89.99,99.99
75187,{?},,Star Wars,The Last Jedi,,,,,
75188,{?},,Star Wars,The Last Jedi,,,,,
75189,{?},,Star Wars,The Last Jedi,,,,,
75190,{?},,Star Wars,The Last Jedi,,,,,
75191,Jedi Starfighter with Hyperdrive,https://images.brickset.com/sets/small/75191-1.jpg,Star Wars,Episode II,,,,,
75192,{?},,Star Wars,,,,,,
75193,{?},,Star Wars,,,,,,
75523,Scarif Stormtrooper,https://images.brickset.com/sets/small/75523-1.jpg,Star Wars,Buildable Figures,4.0,89,,24.99,24.99
75524,Chirrut Îmwe,https://images.brickset.com/sets/small/75524-1.jpg,Star Wars,Buildable Figures,5.0,87,,24.99,24.99
75525,Baze Malbus,https://images.brickset.com/sets/small/75525-1.jpg,Star Wars,Buildable Figures,5.0,148,,24.99,24.99
75526,{?},,Star Wars,Buildable Figures,,,,,
75528,{?},,Star Wars,Buildable Figures,,,,,
75529,{?},,Star Wars,Buildable Figures,,,,,
75530,{?},,Star Wars,Buildable Figures,,,,,
75531,Stormtrooper Commander,https://images.brickset.com/sets/small/75531-1.jpg,Star Wars,Buildable Figures,,,,24.99,29.99
75532,Scout Trooper & Speeder Bike,https://images.brickset.com/sets/small/75532-1.jpg,Star Wars,Buildable Figures,,,,54.99,59.99
75877,Mercedes-AMG GT3,https://images.brickset.com/sets/small/75877-1.jpg,Speed Champions,Mercedes,4.0,196,1,14.99,14.99
75878,Bugatti Chiron,https://images.brickset.com/sets/small/75878-1.jpg,Speed Champions,Bugatti,,181,1,14.99,14.99
75879,Scuderia Ferrari SF16-H,https://images.brickset.com/sets/small/75879-1.jpg,Speed Champions,Ferrari,,,1,14.99,14.99
75880,McLaren 720S,https://images.brickset.com/sets/small/75880-1.jpg,Speed Champions,,,,,14.99,
75881,2016 Ford GT & 1966 Ford GT40,https://images.brickset.com/sets/small/75881-1.jpg,Speed Champions,Ford,5.0,366,3,29.99,34.99
75882,Ferrari FXX K & Development Center,https://images.brickset.com/sets/small/75882-1.jpg,Speed Champions,Ferrari,,494,,49.99,49.99
75883,Mercedes AMG Petronas Formula One Team,https://images.brickset.com/sets/small/75883-1.jpg,Speed Champions,Mercedes,,941,8,99.99,99.99
76068,Mighty Micros: Superman vs. Bizarro,https://images.brickset.com/sets/small/76068-1.jpg,DC Comics Super Heroes,Mighty Micros,,93,2,9.99,9.99
76069,Mighty Micros: Batman vs. Killer Moth,https://images.brickset.com/sets/small/76069-1.jpg,DC Comics Super Heroes,Mighty Micros,,83,2,9.99,9.99
76070,Mighty Micros: Wonder Woman vs. Doomsday,https://images.brickset.com/sets/small/76070-1.jpg,DC Comics Super Heroes,Mighty Micros,,85,2,9.99,9.99
76071,Mighty Micros: Spider-Man vs. Scorpion,https://images.brickset.com/sets/small/76071-1.jpg,Marvel Super Heroes,Mighty Micros,,79,2,9.99,9.99
76072,Mighty Micros: Iron Man vs. Thanos,https://images.brickset.com/sets/small/76072-1.jpg,Marvel Super Heroes,Mighty Micros,,94,2,9.99,9.99
76073,Mighty Micros: Wolverine vs. Magneto,https://images.brickset.com/sets/small/76073-1.jpg,Marvel Super Heroes,Mighty Micros,,85,2,9.99,9.99
76075,Wonder Woman Warrior Battle,https://images.brickset.com/sets/small/76075-1.jpg,DC Comics Super Heroes,DC Extended Universe,,,,,
76076,Captain America Jet Pursuit,https://images.brickset.com/sets/small/76076-1.jpg,Marvel Super Heroes,Comics,3.5,160,3,19.99,24.99
76077,Iron Man: Detroit Steel Strikes,https://images.brickset.com/sets/small/76077-1.jpg,Marvel Super Heroes,Comics,5.0,377,3,29.99,34.99
76078,Hulk vs. Red Hulk,https://images.brickset.com/sets/small/76078-1.jpg,Marvel Super Heroes,Comics,2.5,375,4,59.99,
76079,Ravager Attack,https://images.brickset.com/sets/small/76079-1.jpg,Marvel Super Heroes,Guardians of the Galaxy Vol. 2,3.0,197,3,19.99,24.99
76080,Ayesha's Revenge,https://images.brickset.com/sets/small/76080-1.jpg,Marvel Super Heroes,Guardians of the Galaxy Vol. 2,4.0,323,4,29.99,34.99
76081,The Milano vs. The Abilisk,https://images.brickset.com/sets/small/76081-1.jpg,Marvel Super Heroes,Guardians of the Galaxy Vol. 2,,460,5,49.99,49.99
76082,ATM Heist Battle,https://images.brickset.com/sets/small/76082-1.jpg,Marvel Super Heroes,Spider-Man: Homecoming,,,,19.99,29.99
76083,Beware the Vulture,https://images.brickset.com/sets/small/76083-1.jpg,Marvel Super Heroes,Spider-Man: Homecoming,,,,39.99,44.99
76084,The Ultimate Battle for Asgard,,Marvel Super Heroes,Thor: Ragnarok,,,,49.99,54.99
76085,{?},,DC Comics Super Heroes,DC Extended Universe,,,,,
76086,{?},,DC Comics Super Heroes,DC Extended Universe,,,,,
76087,{?},,DC Comics Super Heroes,DC Extended Universe,,,,,
76088,Thor vs. Hulk: Arena Clash,,Marvel Super Heroes,Thor: Ragnarok,,,,59.99,69.99
853632,Batman Key Chain,https://images.brickset.com/sets/small/853632-1.jpg,Gear,Key Chains/The LEGO Batman Movie,,,,4.99,4.99
853633,The Joker Key Chain,https://images.brickset.com/sets/small/853633-1.jpg,Gear,Key Chains/The LEGO Batman Movie,,,,4.99,4.99
853634,Robin Key Chain,https://images.brickset.com/sets/small/853634-1.jpg,Gear,Key Chains/The LEGO Batman Movie,,,,4.99,4.99
853635,Catwoman Key Chain,https://images.brickset.com/sets/small/853635-1.jpg,Gear,Key Chains/The LEGO Batman Movie,,,,4.99,4.99
853636,Harley Quinn Key Chain,https://images.brickset.com/sets/small/853636-1.jpg,Gear,Key Chains/The LEGO Batman Movie,,,,4.99,4.99
853637,Batman Up scaled Mug,https://images.brickset.com/sets/small/853637-1.jpg,Gear,Housewares,,,,9.99,9.99
853638,Batman Minifigure Collector Frame,https://images.brickset.com/sets/small/853638-1.jpg,Gear,Storage,,,,16.99,14.99
853639, Batman Tumbler,https://images.brickset.com/sets/small/853639-1.jpg,Gear,Housewares,,,,7.99,7.99
853640,Batman 2x2 Lunch Box,https://images.brickset.com/sets/small/853640-1.jpg,Gear,Housewares,,,,,7.99
853642,Batman Mask,https://images.brickset.com/sets/small/853642-1.jpg,Gear,Role-Play Toys,,,,9.99,9.99
853644,The Joker Mask,https://images.brickset.com/sets/small/853644-1.jpg,Gear,Role-Play Toys,,,,9.99,9.99
853645,Batgirl Mask,https://images.brickset.com/sets/small/853645-1.jpg,Gear,Role-Play Toys,,,,9.99,9.99
853646,Harley Quinn Hammer,https://images.brickset.com/sets/small/853646-1.jpg,Gear,Role-Play Toys,,,,12.99,12.99
853647,Batman Batarang,https://images.brickset.com/sets/small/853647-1.jpg,Gear,Role-Play Toys,,,,7.99,7.99
853648,Roblin Bag Charm,https://images.brickset.com/sets/small/853648-1.jpg,Gear,Bag charms,,,,4.99,4.99
853649, Batman Notebook with Stud Cover,https://images.brickset.com/sets/small/853649-1.jpg,Gear,Stationery,,,,12.99,12.99
853650,Movie Maker Set,https://images.brickset.com/sets/small/853650-1.jpg,The LEGO Batman Movie,,1.0,1,1,19.99,19.99
853651,The LEGO Batman Movie Accessory Set,https://images.brickset.com/sets/small/853651-1.jpg,The LEGO Batman Movie,,,More,,12.99,12.99
853652,Batman Minifigure Plush,https://images.brickset.com/sets/small/853652-1.jpg,Gear,Plush,,,,24.99,24.99
853653,Batgirl Minifigure Plush,https://images.brickset.com/sets/small/853653-1.jpg,Gear,Plush,,,,,24.99
853654,Aira the Wind Elf Key Chain,https://images.brickset.com/sets/small/853654-1.jpg,Gear,Key Chains/Elves,,,,4.99,4.99
853659,City Police Handcuffs,https://images.brickset.com/sets/small/853659-1.jpg,Gear,Role-Play Toys,,,,7.99,7.99
853660,The Joker Minifigure Plush,https://images.brickset.com/sets/small/853660-1.jpg,Gear,Plush,,,,,24.99
853665,LEGO® Iconic Tumbler,https://images.brickset.com/sets/small/853665-1.jpg,Gear,Housewares,,,,7.99,7.99
853666,Shark Suit Guy Key Chain,https://images.brickset.com/sets/small/853666-1.jpg,Gear,Key Chains/Miscellaneous,,,,4.99,4.99
853667,Ballerina Key Chain,https://images.brickset.com/sets/small/853667-1.jpg,Gear,Key Chains/Miscellaneous,,,,4.99,4.99
853668,Iconic Drinking Bottle,https://images.brickset.com/sets/small/853668-1.jpg,Gear,Houseware,,,,,7.99
853669,LEGO Shopper Bag,https://images.brickset.com/sets/small/853669-1.jpg,Gear,Housewares,,,,5.99,5.99
853676,Accessory Set,https://images.brickset.com/sets/small/853676-1.jpg,Nexo Knights,,,More,,12.99,12.99
853677,Battle Pack,https://images.brickset.com/sets/small/853677-1.jpg,Nexo Knights,Battle Packs,,More,,12.99,12.99
853678,Jestro s Sword,https://images.brickset.com/sets/small/853678-1.jpg,Gear,Role-Play Toys,,,,12.99,9.99
853679,Forbidden Power Shield,https://images.brickset.com/sets/small/853679-1.jpg,Gear,Role-Play Toys,,,,14.99,12.99
853680,Axl s Axe,https://images.brickset.com/sets/small/853680-1.jpg,Gear,Role-Play Toys,,,,12.99,9.99
853681,Nexo Knights Collect and Combine Combo Powers,https://images.brickset.com/sets/small/853681-1.jpg,Gear,Storage,,,,14.99,14.99
853682,Macy Key Chain,https://images.brickset.com/sets/small/853682-1.jpg,Gear,Key Chains/Nexo Knights,,,,4.99,4.99
853683,Jestro Key Chain,https://images.brickset.com/sets/small/853683-1.jpg,Gear,Key Chains/Nexo Knights,,,,4.99,4.99
853684,Lance Key Chain,https://images.brickset.com/sets/small/853684-1.jpg,Gear,Key Chains/Nexo Knights,,,,4.99,4.99
853685,Aaron Key Chain,https://images.brickset.com/sets/small/853685-1.jpg,Gear,Key Chains/Nexo Knights,,,,4.99,4.99
853686,Clay Key Chain,https://images.brickset.com/sets/small/853686-1.jpg,Gear,Key Chains/Nexo Knights,,,,4.99,4.99
853687,Accessory Set,https://images.brickset.com/sets/small/853687-1.jpg,Ninjago,The Hands of Time,5.0,3,3,12.99,12.99
853688,NINJAGO Time Blade Claw,https://images.brickset.com/sets/small/853688-1.jpg,Gear,Role-Play toys,,,,7.99,7.99
853689,NINJAGO Vermillion Sword,https://images.brickset.com/sets/small/853689-1.jpg,Gear,Role-Play toys,,,,12.99,9.99
853690,Kai Key Chain,https://images.brickset.com/sets/small/853690-1.jpg,Gear,Key Chains/Ninjago,,,,4.99,4.99
853691,Kai Minifigure Plush,https://images.brickset.com/sets/small/853691-1.jpg,Gear,Plush,,,,,24.99
853692, Nya Minifigure Plush,https://images.brickset.com/sets/small/853692-1.jpg,Gear,Plush,,,,,24.99
3850016,Beaver,https://images.brickset.com/sets/small/3850016-1.jpg,Miscellaneous,Pick A Model,,,,,
3850017,Digger,https://images.brickset.com/sets/small/3850017-1.jpg,Miscellaneous,Pick A Model,,,,,
3850031,Puffin,https://images.brickset.com/sets/small/3850031-1.jpg,Miscellaneous,Pick A Model,,,,,
3850033,Guardsman,https://images.brickset.com/sets/small/3850033-1.jpg,Miscellaneous,Pick A Model,,,,,
5004911,Crafting Kit,https://images.brickset.com/sets/small/5004911-1.jpg,Nexo Knights,Miscellaneous,,,,,
5004913,Nexo Knights Collector Case,https://images.brickset.com/sets/small/5004913-1.jpg,Gear,Storage,,,,,
5004914,Armor Pod,https://images.brickset.com/sets/small/5004914-1.jpg,Nexo Knights,,,,,,
5004915,Master Wu keychain,,The LEGO Ninjago Movie,Promotional,,,,,
5004928,Kiss Kiss Tuxedo Batman,https://images.brickset.com/sets/small/5004928-1.jpg,Gear,Key Chains/The LEGO Batman Movie,5.0,,,,
5004929,Batman Battle Pod,https://images.brickset.com/sets/small/5004929-1.jpg,The LEGO Batman Movie,Promotional,,1,1,,
5004930,Accessory pack,https://images.brickset.com/sets/small/5004930-1.jpg,The LEGO Batman Movie,Promotional,5.0,1,1,,
5004931,Birthday Card,https://images.brickset.com/sets/small/5004931-1.jpg,Promotional,,,1,1,,
5004932,Travel Building Suitcase,https://images.brickset.com/sets/small/5004932-1.jpg,Miscellaneous,,,,,,
5005114,Aaron Kids Buildable Watch,https://images.brickset.com/sets/small/5005114-1.jpg,Gear,Watches/Clocks,,,,24.99,
5005116,Clay Kids Buildable Watch,https://images.brickset.com/sets/small/5005116-1.jpg,Gear,Watches/Clocks,,,,24.99,
5005119,Jay Kids Buildable Watch,https://images.brickset.com/sets/small/5005119-1.jpg,Gear,Watches/Clocks,,,,24.99,
5005120,Lloyd Kids Buildable Watch,https://images.brickset.com/sets/small/5005120-1.jpg,Gear,Watches/Clocks,,,,24.99,
5005122,Kai Kids Buildable Watch,https://images.brickset.com/sets/small/5005122-1.jpg,Gear,Watches/Clocks,,,,24.99,
5005167,Stormtrooper Minifigure Link Watch,,Gear,Watches/Clocks,,,,24.99,
5005175,Batman Hydration Bottle,https://images.brickset.com/sets/small/5005175-1.jpg,Gear,Housewares,,,,9.99,
5005207,Batman Lunch Set,https://images.brickset.com/sets/small/5005207-1.jpg,Gear,Housewares,,,,17.99,
5005208,Collector Box,https://images.brickset.com/sets/small/5005208-1.jpg,Gear,Storage,,,,14.99,
5005209,Minifigure Display Case,https://images.brickset.com/sets/small/5005209-1.jpg,Gear,Storage,,,,29.99,
5005219,Batman Minifigure Link Watch,https://images.brickset.com/sets/small/5005219-1.jpg,Gear,Watches/Clocks,,,,24.99,
5005220,Robin Minifigure Link Watch,https://images.brickset.com/sets/small/5005220-1.jpg,Gear,Watches/Clocks,,,,24.99,
5005222,THE LEGO® BATMAN MOVIE Batman™ Minifigure Alarm Clock,https://images.brickset.com/sets/small/5005222-1.jpg,Gear,Watches/Clocks,,,,29.99,
5005223,THE LEGO® BATMAN MOVIE Robin™ Minifigure Alarm Clock,https://images.brickset.com/sets/small/5005223-1.jpg,Gear,Watches/Clocks,,,,29.99,
5005224,Batgirl Minifigure Link Watch,https://images.brickset.com/sets/small/5005224-1.jpg,Gear,Watches/Clocks,,,,24.99,
5005226,THE LEGO® BATMAN MOVIE Batgirl™ Minifigure Alarm Clock,https://images.brickset.com/sets/small/5005226-1.jpg,Gear,Watches/Clocks,,,,29.99,
5005227,The Joker Minifigure Link Watch,https://images.brickset.com/sets/small/5005227-1.jpg,Gear,Watches/Clocks,,,,24.99,
5005228,THE LEGO® BATMAN MOVIE Harley Quinn™ Minifigure Alarm Clock,https://images.brickset.com/sets/small/5005228-1.jpg,Gear,Watches/Clocks,,,,29.99,
5005229,THE LEGO® BATMAN MOVIE The Joker™ Minifigure Alarm Clock,https://images.brickset.com/sets/small/5005229-1.jpg,Gear,Watches/Clocks,,,,29.99,
5005299,Batgirl Key Light,https://images.brickset.com/sets/small/5005299-1.jpg,Gear,Lights,,,,12.99,
5005301,Harley Quinn Key Light,https://images.brickset.com/sets/small/5005301-1.jpg,Gear,Lights,,,,12.99,
5005317,Easter Bunny Batman Key Light,,Gear,Lights,,,,12.99,
5005320,Batman Prestige Costume,https://images.brickset.com/sets/small/5005320-1.jpg,Gear,Clothing,,,,69.99,
5005321,Batgirl Prestige Costume,https://images.brickset.com/sets/small/5005321-1.jpg,Gear,Clothing,,,,69.99,
5005333,Batman Minifigure Link Watch,,Gear,Watches/Clocks,,,,,24.99
5005334,Robin Minifigure Link Watch,https://images.brickset.com/sets/small/5005334-1.jpg,Gear,Watches/Clocks,,,,,24.99
5005335,Batman Minifigure Alarm Clock,https://images.brickset.com/sets/small/5005335-1.jpg,Gear,Watches/Clocks,,,,,29.99
5005336,Batgirl Minifigure Link Watch,https://images.brickset.com/sets/small/5005336-1.jpg,Gear,Watches/Clocks,,,,,24.99
5005337,The Joker Minifigure Link Watch,https://images.brickset.com/sets/small/5005337-1.jpg,Gear,Watches/Clocks,,,,,24.99
5005338,Harley Quinn Minifigure Alarm Clock,https://images.brickset.com/sets/small/5005338-1.jpg,Gear,Watches/Clocks,,,,,29.99
5005345,Ultimate Vehicle Kit,https://images.brickset.com/sets/small/5005345-1.jpg,The LEGO Batman Movie,Virtual Product Collection,,More,,,99.99
,Batman,https://images.brickset.com/sets/small/BAT211701-1.jpg,The LEGO Batman Movie,Magazine Gift,,,,,
,The Joker,https://images.brickset.com/sets/small/BAT211702-1.jpg,The LEGO Batman Movie,Magazine Gift,,,,,
,Detention Block Rescue,https://images.brickset.com/sets/small/CELEB2017-1.jpg,Star Wars,,,2,2,,
,Policeman and crook,https://images.brickset.com/sets/small/CITY951701-1.jpg,City,Magazine Gift,,,,,
,Workman and wheelbarrow,https://images.brickset.com/sets/small/CITY951702-1.jpg,City,Magazine Gift,,,,,
,Mr. Spry and His Lemonade Stand,https://images.brickset.com/sets/small/ELV241701-1.jpg,Elves,Magazine Gift,,,,,
,Bear in Cave,https://images.brickset.com/sets/small/FR561701-1.jpg,Friends,Magazine gift,,,,,
,Kitten Felix,https://images.brickset.com/sets/small/FR561702-1.jpg,Friends,Magazine gift,,,,,
,Fruit Bar,https://images.brickset.com/sets/small/FR561703-1.jpg,Friends,Magazine gift,,,,,
,The LEGO BATMAN MOVIE: The Making of the Movie,https://images.brickset.com/sets/small/ISBN0241279585-1.jpg,Books,Dorling Kindersley,5.0,,,24.99,
,"How to Build Brick Cars: Detailed LEGO Designs for Sports Cars, Race Cars, and Muscle Cars",https://images.brickset.com/sets/small/ISBN0760352658-1.jpg,Books,Motorbooks,,,,,
,The LEGO Batman Movie: Chaos in Gotham City,https://images.brickset.com/sets/small/ISBN1338112120-1.jpg,Books,Scholastic,,1,1,8.99,
,Brick Buildings: 40 Clever & Creative Ideas to Make from Classic LEGO,https://images.brickset.com/sets/small/ISBN1438010923-1.jpg,Books,Barron's Educational Series,,,,,
,Ultimate LEGO Star Wars: Characters Creatures Locations Technology Vehicles,,Books,Dorling Kindersley,,,,,
,The LEGO BATMAN MOVIE: The Essential Guide,https://images.brickset.com/sets/small/ISBN1465456333-1.jpg,Books,Dorling Kindersley,,,,12.99,
,DC Comics Super Heroes: The Awesome Guide,https://images.brickset.com/sets/small/ISBN1465460780-1.jpg,Books,Dorling Kindersley,,,,16.99,
,NEXO KNIGHTS Build Your Own Adventure,https://images.brickset.com/sets/small/ISBN146546087X-1.jpg,Books,Dorling Kindersley,,,,,
,DC Comics Super Heroes Build Your Own Adventure,,Books,Dorling Kindersley,,,,,
,The LEGO NINJAGO MOVIE: The Essential Guide,,Books,Dorling Kindersley,,,,12.99,
,The LEGO NINJAGO MOVIE: The Making of the Movie,,Books,Dorling Kindersley,,,,,
,NEXO KNIGHTS Character Encyclopedia,,Books,Dorling Kindersley,,,,,
,The LEGO BATMAN MOVIE: The Essential Collection,,Books,Dorling Kindersley,,,,19.99,
,LEGO: Absolutely Everything You Need to Know,,Books,Dorling Kindersley,,,,,
,Build It! Things That Fly,https://images.brickset.com/sets/small/ISBN1513260529-1.jpg,Books,Graphic Arts Books,,,,,
,Build It! Things That Float,https://images.brickset.com/sets/small/ISBN1513260553-1.jpg,Books,Graphic Arts Books,,,,,
,Build It! Things That Go,https://images.brickset.com/sets/small/ISBN1513260588-1.jpg,Books,Graphic Arts Books,,,,,
,"The LEGO Adventure Book, Vol. 4: Monsters, Mecha & More!",https://images.brickset.com/sets/small/ISBN1593277636-1.jpg,Books,No Starch Press,,,,,
,Epic LEGO Adventures with Bricks You Already Have,https://images.brickset.com/sets/small/ISBN1624143865-1.jpg,Books,Page Street Publishing,,,,,
,Building Amazing Creations: Sean Kenney's Art with Lego Bricks,https://images.brickset.com/sets/small/ISBN1627790187-1.jpg,Books,Henry Holt & Co.,,,,,
,Beasts from Bricks: Amazing LEGO Designs for Animals from Around the World,https://images.brickset.com/sets/small/ISBN1631592998-1.jpg,Books,Quarry,,,,,
,The Streets of Brickingdon,https://images.brickset.com/sets/small/ISBN1911113879-1.jpg,Books,Spiderwize,5.0,,,,
,"Tips, Tricks & Building Techniques: The Big Unofficial LEGO Builders Book",https://images.brickset.com/sets/small/ISBN3958434797-1.jpg,Books,Heel-Verlag,,,,,
,LEGO Tips for Kids: Minions ,https://images.brickset.com/sets/small/ISBN3958434940-1.jpg,Books,Heel-Verlag,,,,,
,LEGO Tips for Kids: Transformers,https://images.brickset.com/sets/small/ISBN3958434959-1.jpg,Books,Heel-Verlag,,,,,
,Mini Batmobile,https://images.brickset.com/sets/small/MINIBATMOBILE-1.jpg,The LEGO Batman Movie,Promotional,,,,,
,Clay,https://images.brickset.com/sets/small/NEX271712-1.jpg,Nexo Knights,Magazine Gift,,,,,
,Merlok 2.0,https://images.brickset.com/sets/small/NEX271713-1.jpg,Nexo Knights,Magazine Gift,,,,,
,Robin,https://images.brickset.com/sets/small/NEX271714-1.jpg,Nexo Knights,Magazine Gift,,,,,
,Lance's Cart,https://images.brickset.com/sets/small/NEX271715-1.jpg,Nexo Knights,Magazine Gift,,,,,
,Jay,https://images.brickset.com/sets/small/NIN891721-1.jpg,Ninjago,Magazine Gift,,,,,
,Cole,https://images.brickset.com/sets/small/NIN891722-1.jpg,Ninjago,Magazine Gift,,,,,
,Kai,https://images.brickset.com/sets/small/NIN891723-1.jpg,Ninjago,Magazine Gift,,,,,
,Zane,https://images.brickset.com/sets/small/NIN891724-1.jpg,Ninjago,Magazine Gift,,,,,
,Flash Speeder,https://images.brickset.com/sets/small/SW911618-1.jpg,Star Wars,Magazine Gift,,,,,
,Kanan Jarrus,https://images.brickset.com/sets/small/SW911719-1.jpg,Star Wars,Magazine Gift,,,,,
,The Ghost,https://images.brickset.com/sets/small/SW911720-1.jpg,Star Wars,Magazine Gift,,,,,
,Imperial Combat Driver,https://images.brickset.com/sets/small/SW911721-1.jpg,Star Wars,Magazine Gift,,,,,
,TIE Advanced,https://images.brickset.com/sets/small/SW911722-1.jpg,Star Wars,Magazine Gift,,,,,
,Flying Batmobile,https://images.brickset.com/sets/small/TRUBATMOBILE-1.jpg,The LEGO Batman Movie,Promotional,,,,,
,Monster,https://images.brickset.com/sets/small/TRUNEXOMONSTER-1.jpg,Nexo Knights,Miscellaneous,,,,,
